Patient ID,First Name,Last Name,DOB,Email
1,Alisa,Haynes,8/20/1977,AlisaHaynes08@gmail.com
2,Nina ,Hinton,2/6/1951,NHinton@gmail.com
3,Harper,Eaton,10/17/1958,HarperE6@gmail.com
4,Brayden,Lucero,08/07/2010,BLucero@gmail.com
5,Marcel ,Rowland,05/24/2014,Rowland23@gmail.com
6,Raven ,Steware,10/12/1993,RavenSteware@gmail.com
7,Lawson,Poole,05/11/1954,LPoople@gmail.com
8,Margaret,Goodman,09/29/1969,Goodman876@gmail.com
9,Lilianna,Rosales,10/31/2014,LiliannaRosales@gmail.com
10,Leanna,Wiggins,08/11/1991,LeannaWiggins5@gmail.com
11,Abigayle,Mann,07/22/2008,AbiMann332@gmail.com
12,Marcel ,Shelton,12/05/1966,MarcelS@gmail.com
13,Javon,Long,09/19/1988,JLong@gmail.com
14,Jacquelyn,Gallegos,09/18/2010,JacquelynGallegos5@gmail.com
15,Marisol,Hamilton,08/16/2008,MHamilton211@gmail.com
16,Rayne,Guerrero,03/14/1950,RayneGuerrero55@gmail.com
17,Simon,Osborne,06/29/1972,SOsborne743@gmail.com
18,Eric ,Gregory,08/04/1971,EricGregory11@gmail.com
19,Kenny,Michaels,06/26/1970,KenMichaels@gmail.com
20,Kristin,Armstrong,07/08/2010,KArmstrong21@gmail.com
21,Bryson,Whitehead,11/02/1974,BrysonW45@gmail.com
22,Deshawn,Hines,12/20/1996,DHines234@gmail.com
23,Noemi,Anderson,03/04/1990,Noemi1111@gmail.com
24,Kaya,Moran,02/16/1972,KayM@gmail.com
25,Elianna,Melton,06/22/1983,EMelton@gmail.com
26,Odin,Snyder,01/28/1964,OSnyder48@gmail.com
27,Megan,Lam,12/16/1952,MeganLam24@gmail.com
28,Ayden,Castro,03/18/1950,AydenCastro5@gmail.com
29,Larry,Anthony,02/09/1966,LarryAnthony35@gmail.com
30,Misael,Stark,10/08/1967,MStark2@gmail.com
31,Tucker ,Willis,12/17/1974,TuckerW43@gmail.com
32,Giovanna,Hines,08/03/1977,GioHines93@gmail.com
33,Janessa,Underwood,07/02/2014,JUnderwood63@gmail.com
34,Kaylin,Sampson,09/09/1969,KSampson7365@gmail.com
35,Hadassah,Lawrence,04/26/2009,HLawrence22@gmail.com
36,Sidney,Doyle,01/06/1998,SidneyDoyle@gmail.com
37,Karter,Phelps,07/25/1996,Phelps32@gmail.com
38,Braylen ,George,04/15/1957,BraylenGeorge12@gmail.com
39,Madelynn,Patel,04/30/1995,MPatel53@gmail.com
40,Savion,Robbins,05/13/2010,SavionRobbins@gmail.com
42,Finley,Johnson,07/16/1958,FinleyJohnson2@gmail.com
42,Jamie,Long,01/20/1952,JLong11@gmail.com
43,Holly ,Conley,06/01/1998,HConley75@gmail.com
44,Bentley,Eaton,05/08/1997,BentleyE24@gmail.com
45,Alfonso,Mckinney,06/22/2000,AlMckinney44@gmail.com
46,Juan,Rollins,12/22/1955,JuanR7@gmail.com
47,Meadow ,Barr,06/08/2014,MBarr@gmail.com
48,Barney,Marsh,03/08/1986,BarneyM@gmail.com
49,Keely,Lane,10/23/2003,KeelyLane5@gmail.com
50,Randy,Bradley,07/18/1971,RBradley93@gmail.com
51,Bryce,Schroeder,02/27/1954,BSchroeder21@gmail.com
52,Rhys,Washington,07/20/1950,RhysW112@gmail.com
53,Alexandra ,Pugh,05/10/1973,AlexPugh44@gmail.com
54,Monique,Wall,05/31/1985,MoniqueWall52@gmail.com
55,Kash,Wheeler,08/16/1961,KWheeler32@gmail.com
56,Anika,Sweeney,07/31/1976,AnikaS@gmail.com
57,Shaylee,Turner,05/15/1982,ShayleeT@gmail.com
58,Shyanee,Mcmahon,06/06/1976,ShayneeM@gmail.com
59,Karma,Finley,09/09/2010,KarmaF@gmail.com
60,Diya,Levine,09/06/1961,DiyaLevine68@gmail.com
61,Christine ,Marquez,07/19/1973,CMarquez33@gmail.com
62,Claire,Navarro,05/21/1961,ClaireNavarro445@gmail.com
63,Donavan,Benton,01/19/1987,DonBenton47@gmail.com
64,Carmelo,Huff,08/20/2003,MeloHuff77@gmail.com
65,Weston ,Pearson,08/27/1966,WPearson345@gmail.com
66,Dalia,Watson,01/05/1978,DaliaW995@gmail.com
67,Serenity ,Herbert,08/07/2006,SerenityHerbert122@gmail.com
68,Amber ,Mayer,08/10/1964,AMayer2@gmail.com
69,Romeo,Conner,08/22/1987,RomeoConner@gmail.com
70,Remington,Barnes,09/14/1959,Remington223B@gmail.com
71,Willie,May,01/13/2011,WillieMay43@gmail.com
72,Heidy,Stokes,09/14/1965,HStokes321@gmail.com
73,Ernest,Richard,08/06/2004,ErnestRich678@gmail.com
74,Fatima ,Grimes,11/05/2007,FatimaG322@gmail.com
75,Davina,Salinas,05/11/2001,DSalinas8@gmail.com
76,Joshua,Mcdowell,09/13/2003,JoshMcdowell453@gmail.com
77,Weston,Schaefer,10/11/1957,WestonSchaefer8@gmail.com
78,Mohammad,Novarro,10/23/2007,MNovarro34@gmail.com
79,Pierce,Maldonado,01/15/1954,PierceM56@gmail.com
80,Coleman,Hutchinson,09/05/2005,ColemanH33@gmail.com
81,Kyle,Mack,01/27/1965,KMack444@gmail.com
82,Anderson,Mckee,01/07/1990,AndersonMckee8@gmail.com
83,Jacey ,Freeman,04/06/1979,JaceyF437@gmail.com
84,Kendall,Nunez,06/04/1979,KendallN@gmail.com
85,Ashanti ,Haas,12/22/2010,AshantiHaas7@gmail.com
86,Landin,Middleton,11/08/1955,LandinM537@gmail.com 
87,Kimora,Velazquez,12/16/2004,KimoraVelazquez782@gmail.com
88,Jimmy,Mclaughlin,06/18/1980,JimmyM321@gmail.com
89,Madalynn,Pearson,07/09/2003,MadalynnPearson344@gmail.com
90,Allen,Castaneda,12/05/1976,AllenC43@gmail.com
91,Michelle,Reynolds,08/26/2015,MichelleReynolds6@gmail.com
92,Deja,Combs,12/23/1995,DejaCombs344@gmail.com
93,Jaylin,Mooney,02/03/1968,JaylinMooney54@gmail.com
94,Caiden ,Gill,11/27/1976,CaidenGill@gmail.com
95,Angelica,Shaw,08/05/1984,AngelicaShaw7@gmail.com
96,Roy ,Shields,01/04/1996,RShields5@gmail.com
97,Aisha ,Lumberton,09/16/1993,AishaL@gmail.com
98,Matilda,Medina,08/23/2002,MatildaM25@gmail.com
99,Alaina,Kaiser,05/12/1966,AlainaKaiser55@gmail.com
100,Alayna ,Frederick,08/21/1965,AlaynaF3@gmail.com
